agostini = agostini <agostini@mycompany.com>
alexandr = alexandr <alexandr@mycompany.com>
ambe = ambe <ambe@mycompany.com>
anouar = anouar <anouar@mycompany.com>
antonb = antonb <antonb@mycompany.com>
apostolaras = apostolaras <apostolaras@mycompany.com>
arvanita = arvanita <arvanita@mycompany.com>
atsan = atsan <atsan@mycompany.com>
auberts = auberts <auberts@mycompany.com>
benromdh = benromdh <benromdh@mycompany.com>
besnier = besnier <besnier@mycompany.com>
bhamri = bhamri <bhamri@mycompany.com>
bohge = bohge <bohge@mycompany.com>
brizzola = brizzola <brizzola@mycompany.com>
byiringi = byiringi <byiringi@mycompany.com>
cerdan = cerdan <cerdan@mycompany.com>
cirkic = cirkic <cirkic@mycompany.com>
demiray = demiray <demiray@mycompany.com>
ferreira = ferreira <ferreira@mycompany.com>
fkalten = fkalten <fkalten@mycompany.com>
fotimeli = fotimeli <fotimeli@mycompany.com>
foubert = foubert <foubert@mycompany.com>
gangakhe = gangakhe <gangakhe@mycompany.com>
gangula = gangula <gangula@mycompany.com>
garcial = garcial <garcial@mycompany.com>
gauthier = gauthier <gauthier@mycompany.com>
ghaddab = ghaddab <ghaddab@mycompany.com>
ghaffar = ghaffar <ghaffar@mycompany.com>
guibene = guibene <guibene@mycompany.com>
guptar = guptar <guptar@mycompany.com>
haerri = haerri <haerri@mycompany.com>
hafsaoui = hafsaoui <hafsaoui@mycompany.com>
hao = hao <hao@mycompany.com>
hashmat = hashmat <hashmat@mycompany.com>
hrizi = hrizi <hrizi@mycompany.com>
hu = hu <hu@mycompany.com>
huang = huang <huang@mycompany.com>
iacobelli = iacobelli <iacobelli@mycompany.com>
ihmig = ihmig <ihmig@mycompany.com>
jdagres = jdagres <jdagres@mycompany.com>
jiangx = jiangx <jiangx@mycompany.com>
kaltenbe = kaltenbe <kaltenbe@mycompany.com>
knopp = knopp <knopp@mycompany.com>
kortke = kortke <kortke@mycompany.com>
kouassi = kouassi <kouassi@mycompany.com>
laklii = laklii <laklii@mycompany.com>
latif = latif <latif@mycompany.com>
libchaber = libchaber <libchaber@mycompany.com>
linhuang = linhuang <linhuang@mycompany.com>
lukashov = lukashov <lukashov@mycompany.com>
maatalla = maatalla <maatalla@mycompany.com>
maurel = maurel <maurel@mycompany.com>
mayani = mayani <mayani@mycompany.com>
merz = merz <merz@mycompany.com>
mlaner = mlaner <mlaner@mycompany.com>
mosli = mosli <mosli@mycompany.com>
navid = navid <navid@mycompany.com>
nguyenhn = nguyenhn <nguyenhn@mycompany.com>
nguyennd = nguyennd <nguyennd@mycompany.com>
nikaeinn = nikaeinn <nikaeinn@mycompany.com>
oai_user1 = oai_user1 <oai_user1@mycompany.com>
ouni = ouni <ouni@mycompany.com>
paranche = paranche <paranche@mycompany.com>
pburlot = pburlot <pburlot@mycompany.com>
qi = qi <qi@mycompany.com>
renwanz = renwanz <renwanz@mycompany.com>
roux = roux <roux@mycompany.com>
sait = sait <sait@mycompany.com>
sorby = sorby <sorby@mycompany.com>
steinicke = steinicke <steinicke@mycompany.com>
thomas = thomas <thomas@mycompany.com>
thomasl = thomasl <thomasl@mycompany.com>
tonelli = tonelli <tonelli@mycompany.com>
unlu = unlu <unlu@mycompany.com>
ustun = ustun <ustun@mycompany.com>
villa = villa <villa@mycompany.com>
wagner = wagner <wagner@mycompany.com>
wangl = wangl <wangl@mycompany.com>
wetterwa = wetterwa <wetterwa@mycompany.com>
wewior = wewior <wewior@mycompany.com>
winckel = winckel <winckel@mycompany.com>
xuhl = xuhl <xuhl@mycompany.com>
yannan = yannan <yannan@mycompany.com>
yilmaz = yilmaz <yilmaz@mycompany.com>
zayen = zayen <zayen@mycompany.com>
zhou = zhou <zhou@mycompany.com>
