agostini = agostini <philippe.agostini@thalesgroup.com>
alexandr = alexandr <alexandr@eurecom.fr>
ambe = Anne Ambe <anne.ambe@air-lynx.com>
anouar = Hicham Anouar <hicham.anouar@thalesgroup.com>
antonb = antonb <antonb@eurecom.fr>
apostolaras = Apostolos Apostolaras <apaposto@gmail.com>
arvanita = Arvanita <arvanita@eurecom.fr>
atsan = Emre Atsan <emre.atsan@epfl.ch>
auberts = auberts <auberts@eurecom.fr>
benromdh = benromdh <benromdh@eurecom.fr>
besnier = Joelle Besnier <joelle.besnier@ifsttar.fr>
bhamri = Bhamri <bhamri@eurecom.fr>
bohge = Mathias Bohge <bohge@tkn.tu-berlin.de>
brizzola = brizzola <brizzola@eurecom.fr>
byiringi = Byiringi <byiringi@eurecom.fr>
cerdan = Cerdan <cerdan@eurecom.fr>
cirkic = Cirkic <cirkic@eurecom.fr>
demiray = demiray <demiray@eurecom.fr>
ferreira = Ferreira <ferreira@eurecom.fr>
fkalten = fkalten <fkalten@eurecom.fr>
fotimeli = Fotimeli <fotimeli@eurecom.fr>
foubert = Philippe Foubert <foubert@eurecom.fr>
gangakhe = Gangakhe <gangakhe@eurecom.fr>
gangula = gangula <gangula@eurecom.fr>
garcial = garcial <garcial@eurecom.fr>
gauthier = Lionel Gauthier <lionel.gauthier@eurecom.fr>
ghaddab = ghaddab <ghaddab@eurecom.fr>
ghaffar = ghaffar <ghaffar@eurecom.fr>
guibene = guibene <guibene@eurecom.fr>
guptar = Rohit Gupta <rohit.gupta@eurecom.fr>
haerri = Haerri <haerri@eurecom.fr>
hafsaoui = Hafsaoui <hafsaoui@eurecom.fr>
hao = hao <hao@eurecom.fr>
hashmat = hashmat <hashmat@eurecom.fr>
hrizi = hrizi <hrizi@eurecom.fr>
hu = hu <hu@eurecom.fr>
huang = Huang <huang@eurecom.fr>
iacobelli = Lorenzo Iacobelli <LORENZO.IACOBELLI@fr.thalesgroup.com>
ihmig = ihmig <ihmig@eurecom.fr>
jdagres = jdagres <jdagres@eurecom.fr>
jiangx = jiangx <jiangx@eurecom.fr>
kaltenbe = Florian Kaltenberger <florian.kaltenberger@eurecom.fr>
knopp = Raymond Knopp <raymond.knopp@eurecom.fr>
kortke = kortke <kortke@eurecom.fr>
kouassi = kouassi <kouassi@eurecom.fr>
laklii = laklii <laklii@eurecom.fr>
latif = latif <latif@eurecom.fr>
libchaber = libchaber <libchaber@eurecom.fr>
linhuang = linhuang <linhuang@eurecom.fr>
lukashov = lukashov <lukashov@eurecom.fr>
maatalla = maatalla <maatalla@eurecom.fr>
maurel = maurel <maurel@eurecom.fr>
mayani = mayani <mayani@eurecom.fr>
merz = Ruben Merz <ruben.merz@ieee.org>
mlaner = mlaner <mlaner@eurecom.fr>
mosli = mosli <mosli@eurecom.fr>
navid = Navid Nikaein <navid.nikaein@eurecom.fr>
nguyenhn = nguyenhn <nguyenhn@eurecom.fr>
nguyennd = nguyennd <nguyennd@eurecom.fr>
nikaeinn = Navid Nikaein <<navid.nikaein@eurecom.fr>
oai_user1 = oai_user1 <oai_user1@eurecom.fr>
ouni = ouni <ouni@eurecom.fr>
paranche = paranche <paranche@eurecom.fr>
pburlot = pburlot <pburlot@eurecom.fr>
qi = qi <qi@eurecom.fr>
renwanz = renwanz <renwanz@eurecom.fr>
roux = Cedric Roux <cedric.roux@eurecom.fr>
sait = sait <sait@eurecom.fr>
sorby = sorby <sorby@eurecom.fr>
steinicke = steinicke <steinicke@eurecom.fr>
thomas = thomas <thomas@eurecom.fr>
thomasl = thomasl <thomasl@eurecom.fr>
tonelli = tonelli <tonelli@eurecom.fr>
unlu = unlu <unlu@eurecom.fr>
ustun = ustun <ustun@eurecom.fr>
villa = villa <villa@eurecom.fr>
wagner = wagner <wagner@eurecom.fr>
wangl = wangl <wangl@eurecom.fr>
wetterwa = wetterwa <wetterwa@eurecom.fr>
wewior = wewior <wewior@eurecom.fr>
winckel = winckel <winckel@eurecom.fr>
xuhl = xuhl <xuhl@eurecom.fr>
yannan = yannan <yannan@eurecom.fr>
yilmaz = yilmaz <yilmaz@eurecom.fr>
zayen = zayen <zayen@eurecom.fr>
zhou = zhou <zhou@eurecom.fr>
